{
  "output_folder": "",
  "use_source_folder": true,
  "falai_api_key": "d437502e-73a8-49f0-87be-c78cb78e5018:98209ef8ae2b312a3f4bc14ddedf8f1a",
  "verbose_logging": true,
  "verbose_gui_mode": true,
  "log_max_mb": 5,
  "log_backups": 3,
  "duplicate_detection": true,
  "current_prompt_slot": 2,
  "saved_prompts": {
    "1": "Turn head to the right slowly then all the way to the left slowly then to the right slowly, and to the left slowly. Make sure the body is kept still while doing this - ONLY turn THE HEAD NOT THE BODY. The subject should perform smooth, natural head movements with no body movement whatsoever. Keep shoulders, neck, and torso completely stationary. Head movements should be slow, deliberate, and realistic. Eyes can follow natural movement patterns. Maintain neutral facial expression throughout. Camera remains fixed and stationary. Generate in maximum resolution and professional quality with no blur, pixelation, or quality degradation.",
    "2": "Generate a lifelike video animation from the provided image. The subject must rotate only their head in an exceptionally slow, smooth, and biologically realistic motion: start by gently turning the head left, up to 70 degrees from center, with absolutely no movement in the shoulders, neck, or upper body, which must stay perfectly upright and still. Hold a brief, natural pause at the leftmost position, then gently turn the head all the way to the right, maintaining the same extremely slow and continuous, lifelike pace. Head motion must appear completely natural, never robotic, mechanical, stiff, or artificial\u2014mimic genuine human motion with soft micro-adjustments. Eyes stay focused on the camera lens through both turns. Facial expression remains strictly neutral and relaxed throughout. Lighting on the face and background must stay natural, matching the original image, with no added highlights, shadows, flicker, or artificial lighting. The camera is fixed and stationary. Only the head moves; the rest of the body remains motionless.",
    "3": null
  },
  "negative_prompts": {
    "1": "",
    "2": "",
    "3": ""
  },
  "model_capabilities": {},
  "current_model": "fal-ai/kling-video/v2.5-turbo/pro/image-to-video",
  "model_display_name": "Kling 2.5 Turbo Pro",
  "video_duration": 10,
  "loop_videos": true,
  "allow_reprocess": true,
  "reprocess_mode": "increment",
  "window_geometry": "900x1078+315+21",
  "sash_dropzone": 236,
  "sash_queue": 280,
  "sash_log": 233,
  "delay_between_generations": 1
}